"AUS","AVWAGE","TOT","USD","A","1990",37504,
"AUS","AVWAGE","TOT","USD","A","1991",37573,
"AUS","AVWAGE","TOT","USD","A","1992",38487,
"AUS","AVWAGE","TOT","USD","A","1993",38928,
"AUS","AVWAGE","TOT","USD","A","1994",39333,
"AUS","AVWAGE","TOT","USD","A","1995",39257,
"AUS","AVWAGE","TOT","USD","A","1996",40486,
"AUS","AVWAGE","TOT","USD","A","1997",41734,
"AUS","AVWAGE","TOT","USD","A","1998",42393,
"AUS","AVWAGE","TOT","USD","A","1999",43502,
"AUS","AVWAGE","TOT","USD","A","2000",43652,
"AUS","AVWAGE","TOT","USD","A","2001",43218,
"AUS","AVWAGE","TOT","USD","A","2002",43556,
"AUS","AVWAGE","TOT","USD","A","2003",44025,
"AUS","AVWAGE","TOT","USD","A","2004",45386,
"AUS","AVWAGE","TOT","USD","A","2005",45977,
"AUS","AVWAGE","TOT","USD","A","2006",46258,
"AUS","AVWAGE","TOT","USD","A","2007",47571,
"AUS","AVWAGE","TOT","USD","A","2008",47935,
"AUS","AVWAGE","TOT","USD","A","2009",47507,
"AUS","AVWAGE","TOT","USD","A","2010",49002,
"AUS","AVWAGE","TOT","USD","A","2011",50471,
"AUS","AVWAGE","TOT","USD","A","2012",50909,
"AUS","AVWAGE","TOT","USD","A","2013",50554,
"AUS","AVWAGE","TOT","USD","A","2014",50707,
"AUS","AVWAGE","TOT","USD","A","2015",50167,
"AUT","AVWAGE","TOT","USD","A","1990",37446,
"AUT","AVWAGE","TOT","USD","A","1991",38617,
"AUT","AVWAGE","TOT","USD","A","1992",39395,
"AUT","AVWAGE","TOT","USD","A","1993",39716,
"AUT","AVWAGE","TOT","USD","A","1994",40116,
"AUT","AVWAGE","TOT","USD","A","1995",40439,
"AUT","AVWAGE","TOT","USD","A","1996",40131,
"AUT","AVWAGE","TOT","USD","A","1997",39762,
"AUT","AVWAGE","TOT","USD","A","1998",41059,
"AUT","AVWAGE","TOT","USD","A","1999",42000,
"AUT","AVWAGE","TOT","USD","A","2000",42083,
"AUT","AVWAGE","TOT","USD","A","2001",41961,
"AUT","AVWAGE","TOT","USD","A","2002",42608,
"AUT","AVWAGE","TOT","USD","A","2003",42727,
"AUT","AVWAGE","TOT","USD","A","2004",43510,
"AUT","AVWAGE","TOT","USD","A","2005",43710,
"AUT","AVWAGE","TOT","USD","A","2006",44344,
"AUT","AVWAGE","TOT","USD","A","2007",44567,
"AUT","AVWAGE","TOT","USD","A","2008",45340,
"AUT","AVWAGE","TOT","USD","A","2009",46037,
"AUT","AVWAGE","TOT","USD","A","2010",45847,
"AUT","AVWAGE","TOT","USD","A","2011",45344,
"AUT","AVWAGE","TOT","USD","A","2012",45602,
"AUT","AVWAGE","TOT","USD","A","2013",45649,
"AUT","AVWAGE","TOT","USD","A","2014",45757,
"AUT","AVWAGE","TOT","USD","A","2015",46084,
"BEL","AVWAGE","TOT","USD","A","1990",39051,
"BEL","AVWAGE","TOT","USD","A","1991",40604,
"BEL","AVWAGE","TOT","USD","A","1992",41688,
"BEL","AVWAGE","TOT","USD","A","1993",42285,
"BEL","AVWAGE","TOT","USD","A","1994",42893,
"BEL","AVWAGE","TOT","USD","A","1995",42511,
"BEL","AVWAGE","TOT","USD","A","1996",42961,
"BEL","AVWAGE","TOT","USD","A","1997",43561,
"BEL","AVWAGE","TOT","USD","A","1998",43490,
"BEL","AVWAGE","TOT","USD","A","1999",45812,
"BEL","AVWAGE","TOT","USD","A","2000",45519,
"BEL","AVWAGE","TOT","USD","A","2001",45768,
"BEL","AVWAGE","TOT","USD","A","2002",46539,
"BEL","AVWAGE","TOT","USD","A","2003",46726,
"BEL","AVWAGE","TOT","USD","A","2004",46496,
"BEL","AVWAGE","TOT","USD","A","2005",46207,
"BEL","AVWAGE","TOT","USD","A","2006",46397,
"BEL","AVWAGE","TOT","USD","A","2007",46184,
"BEL","AVWAGE","TOT","USD","A","2008",46329,
"BEL","AVWAGE","TOT","USD","A","2009",46725,
"BEL","AVWAGE","TOT","USD","A","2010",46453,
"BEL","AVWAGE","TOT","USD","A","2011",46867,
"BEL","AVWAGE","TOT","USD","A","2012",47231,
"BEL","AVWAGE","TOT","USD","A","2013",47578,
"BEL","AVWAGE","TOT","USD","A","2014",47745,
"BEL","AVWAGE","TOT","USD","A","2015",47702,
"CAN","AVWAGE","TOT","USD","A","1990",34591,
"CAN","AVWAGE","TOT","USD","A","1991",34380,
"CAN","AVWAGE","TOT","USD","A","1992",34903,
"CAN","AVWAGE","TOT","USD","A","1993",34857,
"CAN","AVWAGE","TOT","USD","A","1994",34685,
"CAN","AVWAGE","TOT","USD","A","1995",34786,
"CAN","AVWAGE","TOT","USD","A","1996",35140,
"CAN","AVWAGE","TOT","USD","A","1997",36476,
"CAN","AVWAGE","TOT","USD","A","1998",37210,
"CAN","AVWAGE","TOT","USD","A","1999",37687,
"CAN","AVWAGE","TOT","USD","A","2000",38751,
"CAN","AVWAGE","TOT","USD","A","2001",38592,
"CAN","AVWAGE","TOT","USD","A","2002",38176,
"CAN","AVWAGE","TOT","USD","A","2003",38181,
"CAN","AVWAGE","TOT","USD","A","2004",39205,
"CAN","AVWAGE","TOT","USD","A","2005",40884,
"CAN","AVWAGE","TOT","USD","A","2006",42178,
"CAN","AVWAGE","TOT","USD","A","2007",43196,
"CAN","AVWAGE","TOT","USD","A","2008",44013,
"CAN","AVWAGE","TOT","USD","A","2009",44486,
"CAN","AVWAGE","TOT","USD","A","2010",44661,
"CAN","AVWAGE","TOT","USD","A","2011",45346,
"CAN","AVWAGE","TOT","USD","A","2012",46397,
"CAN","AVWAGE","TOT","USD","A","2013",47277,
"CAN","AVWAGE","TOT","USD","A","2014",47723,
"CAN","AVWAGE","TOT","USD","A","2015",47843,
"CZE","AVWAGE","TOT","USD","A","1995",12638,
"CZE","AVWAGE","TOT","USD","A","1996",13923,
"CZE","AVWAGE","TOT","USD","A","1997",14113,
"CZE","AVWAGE","TOT","USD","A","1998",14037,
"CZE","AVWAGE","TOT","USD","A","1999",14541,
"CZE","AVWAGE","TOT","USD","A","2000",15021,
"CZE","AVWAGE","TOT","USD","A","2001",15503,
"CZE","AVWAGE","TOT","USD","A","2002",16687,
"CZE","AVWAGE","TOT","USD","A","2003",17946,
"CZE","AVWAGE","TOT","USD","A","2004",18830,
"CZE","AVWAGE","TOT","USD","A","2005",19384,
"CZE","AVWAGE","TOT","USD","A","2006",20149,
"CZE","AVWAGE","TOT","USD","A","2007",20744,
"CZE","AVWAGE","TOT","USD","A","2008",20751,
"CZE","AVWAGE","TOT","USD","A","2009",20699,
"CZE","AVWAGE","TOT","USD","A","2010",21180,
"CZE","AVWAGE","TOT","USD","A","2011",21372,
"CZE","AVWAGE","TOT","USD","A","2012",21357,
"CZE","AVWAGE","TOT","USD","A","2013",21121,
"CZE","AVWAGE","TOT","USD","A","2014",21260,
"CZE","AVWAGE","TOT","USD","A","2015",21689,
"DNK","AVWAGE","TOT","USD","A","1990",36810,
"DNK","AVWAGE","TOT","USD","A","1991",36998,
"DNK","AVWAGE","TOT","USD","A","1992",38238,
"DNK","AVWAGE","TOT","USD","A","1993",38717,
"DNK","AVWAGE","TOT","USD","A","1994",37285,
"DNK","AVWAGE","TOT","USD","A","1995",38256,
"DNK","AVWAGE","TOT","USD","A","1996",38981,
"DNK","AVWAGE","TOT","USD","A","1997",39629,
"DNK","AVWAGE","TOT","USD","A","1998",40341,
"DNK","AVWAGE","TOT","USD","A","1999",40847,
"DNK","AVWAGE","TOT","USD","A","2000",40841,
"DNK","AVWAGE","TOT","USD","A","2001",41148,
"DNK","AVWAGE","TOT","USD","A","2002",42093,
"DNK","AVWAGE","TOT","USD","A","2003",43143,
"DNK","AVWAGE","TOT","USD","A","2004",44134,
"DNK","AVWAGE","TOT","USD","A","2005",44902,
"DNK","AVWAGE","TOT","USD","A","2006",45694,
"DNK","AVWAGE","TOT","USD","A","2007",46235,
"DNK","AVWAGE","TOT","USD","A","2008",46870,
"DNK","AVWAGE","TOT","USD","A","2009",48003,
"DNK","AVWAGE","TOT","USD","A","2010",48513,
"DNK","AVWAGE","TOT","USD","A","2011",48273,
"DNK","AVWAGE","TOT","USD","A","2012",48161,
"DNK","AVWAGE","TOT","USD","A","2013",48247,
"DNK","AVWAGE","TOT","USD","A","2014",49054,
"DNK","AVWAGE","TOT","USD","A","2015",50024,
"FIN","AVWAGE","TOT","USD","A","1990",30659,
"FIN","AVWAGE","TOT","USD","A","1991",30974,
"FIN","AVWAGE","TOT","USD","A","1992",30518,
"FIN","AVWAGE","TOT","USD","A","1993",29442,
"FIN","AVWAGE","TOT","USD","A","1994",29870,
"FIN","AVWAGE","TOT","USD","A","1995",31089,
"FIN","AVWAGE","TOT","USD","A","1996",31927,
"FIN","AVWAGE","TOT","USD","A","1997",31842,
"FIN","AVWAGE","TOT","USD","A","1998",32883,
"FIN","AVWAGE","TOT","USD","A","1999",33704,
"FIN","AVWAGE","TOT","USD","A","2000",34386,
"FIN","AVWAGE","TOT","USD","A","2001",34765,
"FIN","AVWAGE","TOT","USD","A","2002",34962,
"FIN","AVWAGE","TOT","USD","A","2003",35635,
"FIN","AVWAGE","TOT","USD","A","2004",36827,
"FIN","AVWAGE","TOT","USD","A","2005",37675,
"FIN","AVWAGE","TOT","USD","A","2006",38552,
"FIN","AVWAGE","TOT","USD","A","2007",39139,
"FIN","AVWAGE","TOT","USD","A","2008",39518,
"FIN","AVWAGE","TOT","USD","A","2009",39837,
"FIN","AVWAGE","TOT","USD","A","2010",40463,
"FIN","AVWAGE","TOT","USD","A","2011",40602,
"FIN","AVWAGE","TOT","USD","A","2012",40630,
"FIN","AVWAGE","TOT","USD","A","2013",40194,
"FIN","AVWAGE","TOT","USD","A","2014",40255,
"FIN","AVWAGE","TOT","USD","A","2015",40731,
"FRA","AVWAGE","TOT","USD","A","1990",31379,
"FRA","AVWAGE","TOT","USD","A","1991",31738,
"FRA","AVWAGE","TOT","USD","A","1992",32085,
"FRA","AVWAGE","TOT","USD","A","1993",32453,
"FRA","AVWAGE","TOT","USD","A","1994",32581,
"FRA","AVWAGE","TOT","USD","A","1995",33058,
"FRA","AVWAGE","TOT","USD","A","1996",33151,
"FRA","AVWAGE","TOT","USD","A","1997",33520,
"FRA","AVWAGE","TOT","USD","A","1998",34021,
"FRA","AVWAGE","TOT","USD","A","1999",34753,
"FRA","AVWAGE","TOT","USD","A","2000",34923,
"FRA","AVWAGE","TOT","USD","A","2001",35153,
"FRA","AVWAGE","TOT","USD","A","2002",36100,
"FRA","AVWAGE","TOT","USD","A","2003",36400,
"FRA","AVWAGE","TOT","USD","A","2004",36995,
"FRA","AVWAGE","TOT","USD","A","2005",37438,
"FRA","AVWAGE","TOT","USD","A","2006",37853,
"FRA","AVWAGE","TOT","USD","A","2007",38010,
"FRA","AVWAGE","TOT","USD","A","2008",37938,
"FRA","AVWAGE","TOT","USD","A","2009",39097,
"FRA","AVWAGE","TOT","USD","A","2010",39877,
"FRA","AVWAGE","TOT","USD","A","2011",39805,
"FRA","AVWAGE","TOT","USD","A","2012",40067,
"FRA","AVWAGE","TOT","USD","A","2013",40252,
"FRA","AVWAGE","TOT","USD","A","2014",40687,
"FRA","AVWAGE","TOT","USD","A","2015",41252,
"DEU","AVWAGE","TOT","USD","A","1992",38003,
"DEU","AVWAGE","TOT","USD","A","1993",38351,
"DEU","AVWAGE","TOT","USD","A","1994",38457,
"DEU","AVWAGE","TOT","USD","A","1995",39320,
"DEU","AVWAGE","TOT","USD","A","1996",39664,
"DEU","AVWAGE","TOT","USD","A","1997",39446,
"DEU","AVWAGE","TOT","USD","A","1998",39827,
"DEU","AVWAGE","TOT","USD","A","1999",40456,
"DEU","AVWAGE","TOT","USD","A","2000",40651,
"DEU","AVWAGE","TOT","USD","A","2001",41056,
"DEU","AVWAGE","TOT","USD","A","2002",41272,
"DEU","AVWAGE","TOT","USD","A","2003",41218,
"DEU","AVWAGE","TOT","USD","A","2004",41215,
"DEU","AVWAGE","TOT","USD","A","2005",41143,
"DEU","AVWAGE","TOT","USD","A","2006",41177,
"DEU","AVWAGE","TOT","USD","A","2007",41106,
"DEU","AVWAGE","TOT","USD","A","2008",41367,
"DEU","AVWAGE","TOT","USD","A","2009",41530,
"DEU","AVWAGE","TOT","USD","A","2010",41698,
"DEU","AVWAGE","TOT","USD","A","2011",42428,
"DEU","AVWAGE","TOT","USD","A","2012",42885,
"DEU","AVWAGE","TOT","USD","A","2013",43318,
"DEU","AVWAGE","TOT","USD","A","2014",43941,
"DEU","AVWAGE","TOT","USD","A","2015",44925,
"GRC","AVWAGE","TOT","USD","A","1995",23175,
"GRC","AVWAGE","TOT","USD","A","1996",23127,
"GRC","AVWAGE","TOT","USD","A","1997",25078,
"GRC","AVWAGE","TOT","USD","A","1998",25410,
"GRC","AVWAGE","TOT","USD","A","1999",25923,
"GRC","AVWAGE","TOT","USD","A","2000",25684,
"GRC","AVWAGE","TOT","USD","A","2001",26200,
"GRC","AVWAGE","TOT","USD","A","2002",28634,
"GRC","AVWAGE","TOT","USD","A","2003",29877,
"GRC","AVWAGE","TOT","USD","A","2004",30413,
"GRC","AVWAGE","TOT","USD","A","2005",30322,
"GRC","AVWAGE","TOT","USD","A","2006",30685,
"GRC","AVWAGE","TOT","USD","A","2007",30677,
"GRC","AVWAGE","TOT","USD","A","2008",30217,
"GRC","AVWAGE","TOT","USD","A","2009",31635,
"GRC","AVWAGE","TOT","USD","A","2010",29528,
"GRC","AVWAGE","TOT","USD","A","2011",27590,
"GRC","AVWAGE","TOT","USD","A","2012",26340,
"GRC","AVWAGE","TOT","USD","A","2013",24812,
"GRC","AVWAGE","TOT","USD","A","2014",24993,
"GRC","AVWAGE","TOT","USD","A","2015",25211,
"HUN","AVWAGE","TOT","USD","A","1995",14585,
"HUN","AVWAGE","TOT","USD","A","1996",14580,
"HUN","AVWAGE","TOT","USD","A","1997",14918,
"HUN","AVWAGE","TOT","USD","A","1998",15045,
"HUN","AVWAGE","TOT","USD","A","1999",14961,
"HUN","AVWAGE","TOT","USD","A","2000",15591,
"HUN","AVWAGE","TOT","USD","A","2001",16700,
"HUN","AVWAGE","TOT","USD","A","2002",17568,
"HUN","AVWAGE","TOT","USD","A","2003",19169,
"HUN","AVWAGE","TOT","USD","A","2004",20075,
"HUN","AVWAGE","TOT","USD","A","2005",20821,
"HUN","AVWAGE","TOT","USD","A","2006",21220,
"HUN","AVWAGE","TOT","USD","A","2007",20951,
"HUN","AVWAGE","TOT","USD","A","2008",21214,
"HUN","AVWAGE","TOT","USD","A","2009",20461,
"HUN","AVWAGE","TOT","USD","A","2010",20334,
"HUN","AVWAGE","TOT","USD","A","2011",20278,
"HUN","AVWAGE","TOT","USD","A","2012",19636,
"HUN","AVWAGE","TOT","USD","A","2013",19616,
"HUN","AVWAGE","TOT","USD","A","2014",19419,
"HUN","AVWAGE","TOT","USD","A","2015",19999,
"IRL","AVWAGE","TOT","USD","A","1990",27923,
"IRL","AVWAGE","TOT","USD","A","1991",29077,
"IRL","AVWAGE","TOT","USD","A","1992",30318,
"IRL","AVWAGE","TOT","USD","A","1993",31832,
"IRL","AVWAGE","TOT","USD","A","1994",32072,
"IRL","AVWAGE","TOT","USD","A","1995",32806,
"IRL","AVWAGE","TOT","USD","A","1996",33570,
"IRL","AVWAGE","TOT","USD","A","1997",35642,
"IRL","AVWAGE","TOT","USD","A","1998",35606,
"IRL","AVWAGE","TOT","USD","A","1999",36696,
"IRL","AVWAGE","TOT","USD","A","2000",37425,
"IRL","AVWAGE","TOT","USD","A","2001",38532,
"IRL","AVWAGE","TOT","USD","A","2002",38544,
"IRL","AVWAGE","TOT","USD","A","2003",39693,
"IRL","AVWAGE","TOT","USD","A","2004",41010,
"IRL","AVWAGE","TOT","USD","A","2005",42709,
"IRL","AVWAGE","TOT","USD","A","2006",43327,
"IRL","AVWAGE","TOT","USD","A","2007",44510,
"IRL","AVWAGE","TOT","USD","A","2008",45774,
"IRL","AVWAGE","TOT","USD","A","2009",49276,
"IRL","AVWAGE","TOT","USD","A","2010",48431,
"IRL","AVWAGE","TOT","USD","A","2011",48120,
"IRL","AVWAGE","TOT","USD","A","2012",47827,
"IRL","AVWAGE","TOT","USD","A","2013",46318,
"IRL","AVWAGE","TOT","USD","A","2014",45900,
"IRL","AVWAGE","TOT","USD","A","2015",46074,
"ITA","AVWAGE","TOT","USD","A","1990",33143,
"ITA","AVWAGE","TOT","USD","A","1991",33447,
"ITA","AVWAGE","TOT","USD","A","1992",33603,
"ITA","AVWAGE","TOT","USD","A","1993",33081,
"ITA","AVWAGE","TOT","USD","A","1994",32651,
"ITA","AVWAGE","TOT","USD","A","1995",32058,
"ITA","AVWAGE","TOT","USD","A","1996",32343,
"ITA","AVWAGE","TOT","USD","A","1997",33114,
"ITA","AVWAGE","TOT","USD","A","1998",33265,
"ITA","AVWAGE","TOT","USD","A","1999",33577,
"ITA","AVWAGE","TOT","USD","A","2000",33555,
"ITA","AVWAGE","TOT","USD","A","2001",33720,
"ITA","AVWAGE","TOT","USD","A","2002",33492,
"ITA","AVWAGE","TOT","USD","A","2003",33458,
"ITA","AVWAGE","TOT","USD","A","2004",34138,
"ITA","AVWAGE","TOT","USD","A","2005",34528,
"ITA","AVWAGE","TOT","USD","A","2006",34768,
"ITA","AVWAGE","TOT","USD","A","2007",34732,
"ITA","AVWAGE","TOT","USD","A","2008",34770,
"ITA","AVWAGE","TOT","USD","A","2009",34941,
"ITA","AVWAGE","TOT","USD","A","2010",35275,
"ITA","AVWAGE","TOT","USD","A","2011",34728,
"ITA","AVWAGE","TOT","USD","A","2012",33681,
"ITA","AVWAGE","TOT","USD","A","2013",33730,
"ITA","AVWAGE","TOT","USD","A","2014",33890,
"ITA","AVWAGE","TOT","USD","A","2015",34140,
"JPN","AVWAGE","TOT","USD","A","1990",35327,
"JPN","AVWAGE","TOT","USD","A","1991",35797,
"JPN","AVWAGE","TOT","USD","A","1992",35906,
"JPN","AVWAGE","TOT","USD","A","1993",35566,
"JPN","AVWAGE","TOT","USD","A","1994",35926,
"JPN","AVWAGE","TOT","USD","A","1995",36204,
"JPN","AVWAGE","TOT","USD","A","1996",36406,
"JPN","AVWAGE","TOT","USD","A","1997",36249,
"JPN","AVWAGE","TOT","USD","A","1998",36144,
"JPN","AVWAGE","TOT","USD","A","1999",35999,
"JPN","AVWAGE","TOT","USD","A","2000",36044,
"JPN","AVWAGE","TOT","USD","A","2001",35888,
"JPN","AVWAGE","TOT","USD","A","2002",35277,
"JPN","AVWAGE","TOT","USD","A","2003",35273,
"JPN","AVWAGE","TOT","USD","A","2004",35360,
"JPN","AVWAGE","TOT","USD","A","2005",35969,
"JPN","AVWAGE","TOT","USD","A","2006",35573,
"JPN","AVWAGE","TOT","USD","A","2007",35245,
"JPN","AVWAGE","TOT","USD","A","2008",35352,
"JPN","AVWAGE","TOT","USD","A","2009",34847,
"JPN","AVWAGE","TOT","USD","A","2010",35502,
"JPN","AVWAGE","TOT","USD","A","2011",36385,
"JPN","AVWAGE","TOT","USD","A","2012",35967,
"JPN","AVWAGE","TOT","USD","A","2013",36129,
"JPN","AVWAGE","TOT","USD","A","2014",35620,
"JPN","AVWAGE","TOT","USD","A","2015",35780,
"KOR","AVWAGE","TOT","USD","A","1990",20730,
"KOR","AVWAGE","TOT","USD","A","1991",21656,
"KOR","AVWAGE","TOT","USD","A","1992",22430,
"KOR","AVWAGE","TOT","USD","A","1993",23615,
"KOR","AVWAGE","TOT","USD","A","1994",24107,
"KOR","AVWAGE","TOT","USD","A","1995",26284,
"KOR","AVWAGE","TOT","USD","A","1996",27483,
"KOR","AVWAGE","TOT","USD","A","1997",26947,
"KOR","AVWAGE","TOT","USD","A","1998",26460,
"KOR","AVWAGE","TOT","USD","A","1999",26694,
"KOR","AVWAGE","TOT","USD","A","2000",26622,
"KOR","AVWAGE","TOT","USD","A","2001",27242,
"KOR","AVWAGE","TOT","USD","A","2002",28121,
"KOR","AVWAGE","TOT","USD","A","2003",29125,
"KOR","AVWAGE","TOT","USD","A","2004",29829,
"KOR","AVWAGE","TOT","USD","A","2005",30820,
"KOR","AVWAGE","TOT","USD","A","2006",31321,
"KOR","AVWAGE","TOT","USD","A","2007",32070,
"KOR","AVWAGE","TOT","USD","A","2008",31838,
"KOR","AVWAGE","TOT","USD","A","2009",31786,
"KOR","AVWAGE","TOT","USD","A","2010",32293,
"KOR","AVWAGE","TOT","USD","A","2011",32689,
"KOR","AVWAGE","TOT","USD","A","2012",32237,
"KOR","AVWAGE","TOT","USD","A","2013",32708,
"KOR","AVWAGE","TOT","USD","A","2014",32732,
"KOR","AVWAGE","TOT","USD","A","2015",33110,
"LUX","AVWAGE","TOT","USD","A","1990",45053,
"LUX","AVWAGE","TOT","USD","A","1991",46476,
"LUX","AVWAGE","TOT","USD","A","1992",47396,
"LUX","AVWAGE","TOT","USD","A","1993",48585,
"LUX","AVWAGE","TOT","USD","A","1994",49321,
"LUX","AVWAGE","TOT","USD","A","1995",49397,
"LUX","AVWAGE","TOT","USD","A","1996",49516,
"LUX","AVWAGE","TOT","USD","A","1997",50606,
"LUX","AVWAGE","TOT","USD","A","1998",50594,
"LUX","AVWAGE","TOT","USD","A","1999",51307,
"LUX","AVWAGE","TOT","USD","A","2000",52074,
"LUX","AVWAGE","TOT","USD","A","2001",52666,
"LUX","AVWAGE","TOT","USD","A","2002",53727,
"LUX","AVWAGE","TOT","USD","A","2003",53618,
"LUX","AVWAGE","TOT","USD","A","2004",54352,
"LUX","AVWAGE","TOT","USD","A","2005",54710,
"LUX","AVWAGE","TOT","USD","A","2006",55470,
"LUX","AVWAGE","TOT","USD","A","2007",56951,
"LUX","AVWAGE","TOT","USD","A","2008",57139,
"LUX","AVWAGE","TOT","USD","A","2009",58041,
"LUX","AVWAGE","TOT","USD","A","2010",58704,
"LUX","AVWAGE","TOT","USD","A","2011",58134,
"LUX","AVWAGE","TOT","USD","A","2012",57761,
"LUX","AVWAGE","TOT","USD","A","2013",59007,
"LUX","AVWAGE","TOT","USD","A","2014",60196,
"LUX","AVWAGE","TOT","USD","A","2015",60369,
"MEX","AVWAGE","TOT","USD","A","1990",14248,
"MEX","AVWAGE","TOT","USD","A","1991",15002,
"MEX","AVWAGE","TOT","USD","A","1992",15818,
"MEX","AVWAGE","TOT","USD","A","1993",16337,
"MEX","AVWAGE","TOT","USD","A","1994",16857,
"MEX","AVWAGE","TOT","USD","A","1995",13713,
"MEX","AVWAGE","TOT","USD","A","1996",12203,
"MEX","AVWAGE","TOT","USD","A","1997",12545,
"MEX","AVWAGE","TOT","USD","A","1998",12997,
"MEX","AVWAGE","TOT","USD","A","1999",13427,
"MEX","AVWAGE","TOT","USD","A","2000",13797,
"MEX","AVWAGE","TOT","USD","A","2001",14535,
"MEX","AVWAGE","TOT","USD","A","2002",14698,
"MEX","AVWAGE","TOT","USD","A","2003",15795,
"MEX","AVWAGE","TOT","USD","A","2004",15680,
"MEX","AVWAGE","TOT","USD","A","2005",15851,
"MEX","AVWAGE","TOT","USD","A","2006",15987,
"MEX","AVWAGE","TOT","USD","A","2007",16127,
"MEX","AVWAGE","TOT","USD","A","2008",16005,
"MEX","AVWAGE","TOT","USD","A","2009",15682,
"MEX","AVWAGE","TOT","USD","A","2010",14994,
"MEX","AVWAGE","TOT","USD","A","2011",15272,
"MEX","AVWAGE","TOT","USD","A","2012",15223,
"MEX","AVWAGE","TOT","USD","A","2013",15333,
"MEX","AVWAGE","TOT","USD","A","2014",15109,
"MEX","AVWAGE","TOT","USD","A","2015",14867,
"NLD","AVWAGE","TOT","USD","A","1990",44026,
"NLD","AVWAGE","TOT","USD","A","1991",44357,
"NLD","AVWAGE","TOT","USD","A","1992",44585,
"NLD","AVWAGE","TOT","USD","A","1993",45348,
"NLD","AVWAGE","TOT","USD","A","1994",45673,
"NLD","AVWAGE","TOT","USD","A","1995",44779,
"NLD","AVWAGE","TOT","USD","A","1996",44503,
"NLD","AVWAGE","TOT","USD","A","1997",44600,
"NLD","AVWAGE","TOT","USD","A","1998",43144,
"NLD","AVWAGE","TOT","USD","A","1999",44072,
"NLD","AVWAGE","TOT","USD","A","2000",45101,
"NLD","AVWAGE","TOT","USD","A","2001",45707,
"NLD","AVWAGE","TOT","USD","A","2002",45995,
"NLD","AVWAGE","TOT","USD","A","2003",46498,
"NLD","AVWAGE","TOT","USD","A","2004",47151,
"NLD","AVWAGE","TOT","USD","A","2005",47319,
"NLD","AVWAGE","TOT","USD","A","2006",47284,
"NLD","AVWAGE","TOT","USD","A","2007",47815,
"NLD","AVWAGE","TOT","USD","A","2008",48100,
"NLD","AVWAGE","TOT","USD","A","2009",49971,
"NLD","AVWAGE","TOT","USD","A","2010",50235,
"NLD","AVWAGE","TOT","USD","A","2011",49925,
"NLD","AVWAGE","TOT","USD","A","2012",50044,
"NLD","AVWAGE","TOT","USD","A","2013",50128,
"NLD","AVWAGE","TOT","USD","A","2014",49707,
"NLD","AVWAGE","TOT","USD","A","2015",50670,
"NOR","AVWAGE","TOT","USD","A","1990",29710,
"NOR","AVWAGE","TOT","USD","A","1991",30039,
"NOR","AVWAGE","TOT","USD","A","1992",30422,
"NOR","AVWAGE","TOT","USD","A","1993",30713,
"NOR","AVWAGE","TOT","USD","A","1994",31339,
"NOR","AVWAGE","TOT","USD","A","1995",31631,
"NOR","AVWAGE","TOT","USD","A","1996",32341,
"NOR","AVWAGE","TOT","USD","A","1997",33041,
"NOR","AVWAGE","TOT","USD","A","1998",34246,
"NOR","AVWAGE","TOT","USD","A","1999",35355,
"NOR","AVWAGE","TOT","USD","A","2000",35680,
"NOR","AVWAGE","TOT","USD","A","2001",36584,
"NOR","AVWAGE","TOT","USD","A","2002",38024,
"NOR","AVWAGE","TOT","USD","A","2003",38508,
"NOR","AVWAGE","TOT","USD","A","2004",39758,
"NOR","AVWAGE","TOT","USD","A","2005",40867,
"NOR","AVWAGE","TOT","USD","A","2006",42466,
"NOR","AVWAGE","TOT","USD","A","2007",44286,
"NOR","AVWAGE","TOT","USD","A","2008",45321,
"NOR","AVWAGE","TOT","USD","A","2009",45771,
"NOR","AVWAGE","TOT","USD","A","2010",46377,
"NOR","AVWAGE","TOT","USD","A","2011",47930,
"NOR","AVWAGE","TOT","USD","A","2012",49232,
"NOR","AVWAGE","TOT","USD","A","2013",50241,
"NOR","AVWAGE","TOT","USD","A","2014",50614,
"NOR","AVWAGE","TOT","USD","A","2015",50908,
"POL","AVWAGE","TOT","USD","A","1995",15096,
"POL","AVWAGE","TOT","USD","A","1996",16259,
"POL","AVWAGE","TOT","USD","A","1997",17080,
"POL","AVWAGE","TOT","USD","A","1998",17615,
"POL","AVWAGE","TOT","USD","A","1999",18977,
"POL","AVWAGE","TOT","USD","A","2000",19314,
"POL","AVWAGE","TOT","USD","A","2001",20409,
"POL","AVWAGE","TOT","USD","A","2002",20337,
"POL","AVWAGE","TOT","USD","A","2003",20587,
"POL","AVWAGE","TOT","USD","A","2004",20222,
"POL","AVWAGE","TOT","USD","A","2005",20109,
"POL","AVWAGE","TOT","USD","A","2006",20257,
"POL","AVWAGE","TOT","USD","A","2007",20724,
"POL","AVWAGE","TOT","USD","A","2008",21969,
"POL","AVWAGE","TOT","USD","A","2009",21921,
"POL","AVWAGE","TOT","USD","A","2010",22669,
"POL","AVWAGE","TOT","USD","A","2011",22669,
"POL","AVWAGE","TOT","USD","A","2012",22457,
"POL","AVWAGE","TOT","USD","A","2013",22723,
"POL","AVWAGE","TOT","USD","A","2014",23156,
"POL","AVWAGE","TOT","USD","A","2015",23998,
"PRT","AVWAGE","TOT","USD","A","1995",22627,
"PRT","AVWAGE","TOT","USD","A","1996",23462,
"PRT","AVWAGE","TOT","USD","A","1997",24074,
"PRT","AVWAGE","TOT","USD","A","1998",24379,
"PRT","AVWAGE","TOT","USD","A","1999",25207,
"PRT","AVWAGE","TOT","USD","A","2000",25557,
"PRT","AVWAGE","TOT","USD","A","2001",25669,
"PRT","AVWAGE","TOT","USD","A","2002",25657,
"PRT","AVWAGE","TOT","USD","A","2003",25590,
"PRT","AVWAGE","TOT","USD","A","2004",25634,
"PRT","AVWAGE","TOT","USD","A","2005",25487,
"PRT","AVWAGE","TOT","USD","A","2006",24935,
"PRT","AVWAGE","TOT","USD","A","2007",25111,
"PRT","AVWAGE","TOT","USD","A","2008",25029,
"PRT","AVWAGE","TOT","USD","A","2009",26185,
"PRT","AVWAGE","TOT","USD","A","2010",26085,
"PRT","AVWAGE","TOT","USD","A","2011",25465,
"PRT","AVWAGE","TOT","USD","A","2012",24365,
"PRT","AVWAGE","TOT","USD","A","2013",24865,
"PRT","AVWAGE","TOT","USD","A","2014",24359,
"PRT","AVWAGE","TOT","USD","A","2015",24105,
"SVK","AVWAGE","TOT","USD","A","1994",11056,
"SVK","AVWAGE","TOT","USD","A","1995",11720,
"SVK","AVWAGE","TOT","USD","A","1996",12704,
"SVK","AVWAGE","TOT","USD","A","1997",14435,
"SVK","AVWAGE","TOT","USD","A","1998",15021,
"SVK","AVWAGE","TOT","USD","A","1999",14705,
"SVK","AVWAGE","TOT","USD","A","2000",15243,
"SVK","AVWAGE","TOT","USD","A","2001",15233,
"SVK","AVWAGE","TOT","USD","A","2002",16033,
"SVK","AVWAGE","TOT","USD","A","2003",16383,
"SVK","AVWAGE","TOT","USD","A","2004",16652,
"SVK","AVWAGE","TOT","USD","A","2005",17733,
"SVK","AVWAGE","TOT","USD","A","2006",18321,
"SVK","AVWAGE","TOT","USD","A","2007",19447,
"SVK","AVWAGE","TOT","USD","A","2008",19640,
"SVK","AVWAGE","TOT","USD","A","2009",20302,
"SVK","AVWAGE","TOT","USD","A","2010",21196,
"SVK","AVWAGE","TOT","USD","A","2011",21008,
"SVK","AVWAGE","TOT","USD","A","2012",20776,
"SVK","AVWAGE","TOT","USD","A","2013",20934,
"SVK","AVWAGE","TOT","USD","A","2014",21340,
"SVK","AVWAGE","TOT","USD","A","2015",22031,
"ESP","AVWAGE","TOT","USD","A","1990",32443,
"ESP","AVWAGE","TOT","USD","A","1991",33245,
"ESP","AVWAGE","TOT","USD","A","1992",34182,
"ESP","AVWAGE","TOT","USD","A","1993",34451,
"ESP","AVWAGE","TOT","USD","A","1994",34541,
"ESP","AVWAGE","TOT","USD","A","1995",34393,
"ESP","AVWAGE","TOT","USD","A","1996",34894,
"ESP","AVWAGE","TOT","USD","A","1997",34917,
"ESP","AVWAGE","TOT","USD","A","1998",34980,
"ESP","AVWAGE","TOT","USD","A","1999",34855,
"ESP","AVWAGE","TOT","USD","A","2000",34273,
"ESP","AVWAGE","TOT","USD","A","2001",34266,
"ESP","AVWAGE","TOT","USD","A","2002",34518,
"ESP","AVWAGE","TOT","USD","A","2003",34425,
"ESP","AVWAGE","TOT","USD","A","2004",34070,
"ESP","AVWAGE","TOT","USD","A","2005",34268,
"ESP","AVWAGE","TOT","USD","A","2006",34138,
"ESP","AVWAGE","TOT","USD","A","2007",34585,
"ESP","AVWAGE","TOT","USD","A","2008",35977,
"ESP","AVWAGE","TOT","USD","A","2009",38414,
"ESP","AVWAGE","TOT","USD","A","2010",37755,
"ESP","AVWAGE","TOT","USD","A","2011",37220,
"ESP","AVWAGE","TOT","USD","A","2012",36062,
"ESP","AVWAGE","TOT","USD","A","2013",36382,
"ESP","AVWAGE","TOT","USD","A","2014",36034,
"ESP","AVWAGE","TOT","USD","A","2015",36325,
"SWE","AVWAGE","TOT","USD","A","1990",27677,
"SWE","AVWAGE","TOT","USD","A","1991",26340,
"SWE","AVWAGE","TOT","USD","A","1992",27163,
"SWE","AVWAGE","TOT","USD","A","1993",26841,
"SWE","AVWAGE","TOT","USD","A","1994",27503,
"SWE","AVWAGE","TOT","USD","A","1995",27556,
"SWE","AVWAGE","TOT","USD","A","1996",28969,
"SWE","AVWAGE","TOT","USD","A","1997",29994,
"SWE","AVWAGE","TOT","USD","A","1998",30819,
"SWE","AVWAGE","TOT","USD","A","1999",31610,
"SWE","AVWAGE","TOT","USD","A","2000",32429,
"SWE","AVWAGE","TOT","USD","A","2001",32612,
"SWE","AVWAGE","TOT","USD","A","2002",32881,
"SWE","AVWAGE","TOT","USD","A","2003",33291,
"SWE","AVWAGE","TOT","USD","A","2004",34299,
"SWE","AVWAGE","TOT","USD","A","2005",34969,
"SWE","AVWAGE","TOT","USD","A","2006",35814,
"SWE","AVWAGE","TOT","USD","A","2007",36971,
"SWE","AVWAGE","TOT","USD","A","2008",37481,
"SWE","AVWAGE","TOT","USD","A","2009",37728,
"SWE","AVWAGE","TOT","USD","A","2010",37951,
"SWE","AVWAGE","TOT","USD","A","2011",38428,
"SWE","AVWAGE","TOT","USD","A","2012",39283,
"SWE","AVWAGE","TOT","USD","A","2013",39692,
"SWE","AVWAGE","TOT","USD","A","2014",40201,
"SWE","AVWAGE","TOT","USD","A","2015",40909,
"CHE","AVWAGE","TOT","USD","A","1990",45687,
"CHE","AVWAGE","TOT","USD","A","1991",46509,
"CHE","AVWAGE","TOT","USD","A","1992",46844,
"CHE","AVWAGE","TOT","USD","A","1993",47390,
"CHE","AVWAGE","TOT","USD","A","1994",47987,
"CHE","AVWAGE","TOT","USD","A","1995",48150,
"CHE","AVWAGE","TOT","USD","A","1996",48545,
"CHE","AVWAGE","TOT","USD","A","1997",49200,
"CHE","AVWAGE","TOT","USD","A","1998",49278,
"CHE","AVWAGE","TOT","USD","A","1999",49987,
"CHE","AVWAGE","TOT","USD","A","2000",50330,
"CHE","AVWAGE","TOT","USD","A","2001",52185,
"CHE","AVWAGE","TOT","USD","A","2002",52855,
"CHE","AVWAGE","TOT","USD","A","2003",52948,
"CHE","AVWAGE","TOT","USD","A","2004",52369,
"CHE","AVWAGE","TOT","USD","A","2005",53122,
"CHE","AVWAGE","TOT","USD","A","2006",53516,
"CHE","AVWAGE","TOT","USD","A","2007",54267,
"CHE","AVWAGE","TOT","USD","A","2008",54512,
"CHE","AVWAGE","TOT","USD","A","2009",55593,
"CHE","AVWAGE","TOT","USD","A","2010",55540,
"CHE","AVWAGE","TOT","USD","A","2011",55815,
"CHE","AVWAGE","TOT","USD","A","2012",56902,
"CHE","AVWAGE","TOT","USD","A","2013",57707,
"CHE","AVWAGE","TOT","USD","A","2014",58210,
"CHE","AVWAGE","TOT","USD","A","2015",58389,
"GBR","AVWAGE","TOT","USD","A","1990",32074,
"GBR","AVWAGE","TOT","USD","A","1991",32094,
"GBR","AVWAGE","TOT","USD","A","1992",32515,
"GBR","AVWAGE","TOT","USD","A","1993",32964,
"GBR","AVWAGE","TOT","USD","A","1994",33486,
"GBR","AVWAGE","TOT","USD","A","1995",33458,
"GBR","AVWAGE","TOT","USD","A","1996",33527,
"GBR","AVWAGE","TOT","USD","A","1997",34470,
"GBR","AVWAGE","TOT","USD","A","1998",35883,
"GBR","AVWAGE","TOT","USD","A","1999",37134,
"GBR","AVWAGE","TOT","USD","A","2000",38829,
"GBR","AVWAGE","TOT","USD","A","2001",40708,
"GBR","AVWAGE","TOT","USD","A","2002",41318,
"GBR","AVWAGE","TOT","USD","A","2003",42206,
"GBR","AVWAGE","TOT","USD","A","2004",42959,
"GBR","AVWAGE","TOT","USD","A","2005",42766,
"GBR","AVWAGE","TOT","USD","A","2006",43807,
"GBR","AVWAGE","TOT","USD","A","2007",44842,
"GBR","AVWAGE","TOT","USD","A","2008",43552,
"GBR","AVWAGE","TOT","USD","A","2009",43889,
"GBR","AVWAGE","TOT","USD","A","2010",42760,
"GBR","AVWAGE","TOT","USD","A","2011",41679,
"GBR","AVWAGE","TOT","USD","A","2012",41514,
"GBR","AVWAGE","TOT","USD","A","2013",40971,
"GBR","AVWAGE","TOT","USD","A","2014",40652,
"GBR","AVWAGE","TOT","USD","A","2015",41384,
"USA","AVWAGE","TOT","USD","A","1990",43446,
"USA","AVWAGE","TOT","USD","A","1991",43767,
"USA","AVWAGE","TOT","USD","A","1992",44791,
"USA","AVWAGE","TOT","USD","A","1993",44531,
"USA","AVWAGE","TOT","USD","A","1994",44363,
"USA","AVWAGE","TOT","USD","A","1995",44634,
"USA","AVWAGE","TOT","USD","A","1996",45286,
"USA","AVWAGE","TOT","USD","A","1997",46415,
"USA","AVWAGE","TOT","USD","A","1998",48339,
"USA","AVWAGE","TOT","USD","A","1999",49614,
"USA","AVWAGE","TOT","USD","A","2000",51295,
"USA","AVWAGE","TOT","USD","A","2001",51726,
"USA","AVWAGE","TOT","USD","A","2002",52122,
"USA","AVWAGE","TOT","USD","A","2003",52731,
"USA","AVWAGE","TOT","USD","A","2004",53755,
"USA","AVWAGE","TOT","USD","A","2005",53811,
"USA","AVWAGE","TOT","USD","A","2006",54690,
"USA","AVWAGE","TOT","USD","A","2007",55780,
"USA","AVWAGE","TOT","USD","A","2008",55560,
"USA","AVWAGE","TOT","USD","A","2009",56042,
"USA","AVWAGE","TOT","USD","A","2010",56398,
"USA","AVWAGE","TOT","USD","A","2011",56540,
"USA","AVWAGE","TOT","USD","A","2012",56995,
"USA","AVWAGE","TOT","USD","A","2013",56701,
"USA","AVWAGE","TOT","USD","A","2014",57594,
"USA","AVWAGE","TOT","USD","A","2015",58714,
"EST","AVWAGE","TOT","USD","A","1995",8571,
"EST","AVWAGE","TOT","USD","A","1996",8920,
"EST","AVWAGE","TOT","USD","A","1997",9730,
"EST","AVWAGE","TOT","USD","A","1998",10323,
"EST","AVWAGE","TOT","USD","A","1999",10733,
"EST","AVWAGE","TOT","USD","A","2000",11858,
"EST","AVWAGE","TOT","USD","A","2001",12265,
"EST","AVWAGE","TOT","USD","A","2002",12836,
"EST","AVWAGE","TOT","USD","A","2003",14051,
"EST","AVWAGE","TOT","USD","A","2004",15092,
"EST","AVWAGE","TOT","USD","A","2005",16066,
"EST","AVWAGE","TOT","USD","A","2006",17236,
"EST","AVWAGE","TOT","USD","A","2007",19929,
"EST","AVWAGE","TOT","USD","A","2008",20079,
"EST","AVWAGE","TOT","USD","A","2009",19263,
"EST","AVWAGE","TOT","USD","A","2010",19237,
"EST","AVWAGE","TOT","USD","A","2011",18375,
"EST","AVWAGE","TOT","USD","A","2012",18879,
"EST","AVWAGE","TOT","USD","A","2013",19226,
"EST","AVWAGE","TOT","USD","A","2014",20435,
"EST","AVWAGE","TOT","USD","A","2015",21564,
"ISR","AVWAGE","TOT","USD","A","2005",27689,
"ISR","AVWAGE","TOT","USD","A","2006",28919,
"ISR","AVWAGE","TOT","USD","A","2007",29476,
"ISR","AVWAGE","TOT","USD","A","2008",28711,
"ISR","AVWAGE","TOT","USD","A","2009",28021,
"ISR","AVWAGE","TOT","USD","A","2010",27883,
"ISR","AVWAGE","TOT","USD","A","2011",28126,
"ISR","AVWAGE","TOT","USD","A","2012",28565,
"ISR","AVWAGE","TOT","USD","A","2013",28846,
"ISR","AVWAGE","TOT","USD","A","2014",28949,
"ISR","AVWAGE","TOT","USD","A","2015",29794,
"SVN","AVWAGE","TOT","USD","A","1995",21825,
"SVN","AVWAGE","TOT","USD","A","1996",22965,
"SVN","AVWAGE","TOT","USD","A","1997",24173,
"SVN","AVWAGE","TOT","USD","A","1998",24496,
"SVN","AVWAGE","TOT","USD","A","1999",24929,
"SVN","AVWAGE","TOT","USD","A","2000",25676,
"SVN","AVWAGE","TOT","USD","A","2001",26730,
"SVN","AVWAGE","TOT","USD","A","2002",26721,
"SVN","AVWAGE","TOT","USD","A","2003",27284,
"SVN","AVWAGE","TOT","USD","A","2004",28604,
"SVN","AVWAGE","TOT","USD","A","2005",29722,
"SVN","AVWAGE","TOT","USD","A","2006",30682,
"SVN","AVWAGE","TOT","USD","A","2007",31345,
"SVN","AVWAGE","TOT","USD","A","2008",31818,
"SVN","AVWAGE","TOT","USD","A","2009",32106,
"SVN","AVWAGE","TOT","USD","A","2010",33070,
"SVN","AVWAGE","TOT","USD","A","2011",32983,
"SVN","AVWAGE","TOT","USD","A","2012",32055,
"SVN","AVWAGE","TOT","USD","A","2013",32002,
"SVN","AVWAGE","TOT","USD","A","2014",32443,
"SVN","AVWAGE","TOT","USD","A","2015",33085,
"OECD","AVWAGE","TOT","USD","A","1990",33530,
"OECD","AVWAGE","TOT","USD","A","1991",33755,
"OECD","AVWAGE","TOT","USD","A","1992",34420,
"OECD","AVWAGE","TOT","USD","A","1993",34472,
"OECD","AVWAGE","TOT","USD","A","1994",34579,
"OECD","AVWAGE","TOT","USD","A","1995",34672,
"OECD","AVWAGE","TOT","USD","A","1996",34967,
"OECD","AVWAGE","TOT","USD","A","1997",35478,
"OECD","AVWAGE","TOT","USD","A","1998",36295,
"OECD","AVWAGE","TOT","USD","A","1999",37087,
"OECD","AVWAGE","TOT","USD","A","2000",37782,
"OECD","AVWAGE","TOT","USD","A","2001",38216,
"OECD","AVWAGE","TOT","USD","A","2002",38342,
"OECD","AVWAGE","TOT","USD","A","2003",38725,
"OECD","AVWAGE","TOT","USD","A","2004",39231,
"OECD","AVWAGE","TOT","USD","A","2005",39437,
"OECD","AVWAGE","TOT","USD","A","2006",39765,
"OECD","AVWAGE","TOT","USD","A","2007",40216,
"OECD","AVWAGE","TOT","USD","A","2008",40117,
"OECD","AVWAGE","TOT","USD","A","2009",40345,
"OECD","AVWAGE","TOT","USD","A","2010",40301,
"OECD","AVWAGE","TOT","USD","A","2011",40413,
"OECD","AVWAGE","TOT","USD","A","2012",40434,
"OECD","AVWAGE","TOT","USD","A","2013",40461,
"OECD","AVWAGE","TOT","USD","A","2014",40710,
"OECD","AVWAGE","TOT","USD","A","2015",41253,
"ISL","AVWAGE","TOT","USD","A","1997",38676,
"ISL","AVWAGE","TOT","USD","A","1998",43429,
"ISL","AVWAGE","TOT","USD","A","1999",45053,
"ISL","AVWAGE","TOT","USD","A","2000",46269,
"ISL","AVWAGE","TOT","USD","A","2001",45900,
"ISL","AVWAGE","TOT","USD","A","2002",47410,
"ISL","AVWAGE","TOT","USD","A","2003",46203,
"ISL","AVWAGE","TOT","USD","A","2004",49185,
"ISL","AVWAGE","TOT","USD","A","2005",52179,
"ISL","AVWAGE","TOT","USD","A","2006",54196,
"ISL","AVWAGE","TOT","USD","A","2007",55961,
"ISL","AVWAGE","TOT","USD","A","2008",49548,
"ISL","AVWAGE","TOT","USD","A","2009",44149,
"ISL","AVWAGE","TOT","USD","A","2010",46183,
"ISL","AVWAGE","TOT","USD","A","2011",48321,
"ISL","AVWAGE","TOT","USD","A","2012",48425,
"ISL","AVWAGE","TOT","USD","A","2013",49726,
"ISL","AVWAGE","TOT","USD","A","2014",49953,
"NZL","AVWAGE","TOT","USD","A","1990",28752,
"NZL","AVWAGE","TOT","USD","A","1991",27615,
"NZL","AVWAGE","TOT","USD","A","1992",28799,
"NZL","AVWAGE","TOT","USD","A","1993",29592,
"NZL","AVWAGE","TOT","USD","A","1994",30132,
"NZL","AVWAGE","TOT","USD","A","1995",29957,
"NZL","AVWAGE","TOT","USD","A","1996",30495,
"NZL","AVWAGE","TOT","USD","A","1997",31338,
"NZL","AVWAGE","TOT","USD","A","1998",30893,
"NZL","AVWAGE","TOT","USD","A","1999",30529,
"NZL","AVWAGE","TOT","USD","A","2000",30660,
"NZL","AVWAGE","TOT","USD","A","2001",31218,
"NZL","AVWAGE","TOT","USD","A","2002",31804,
"NZL","AVWAGE","TOT","USD","A","2003",32962,
"NZL","AVWAGE","TOT","USD","A","2004",34126,
"NZL","AVWAGE","TOT","USD","A","2005",34701,
"NZL","AVWAGE","TOT","USD","A","2006",34924,
"NZL","AVWAGE","TOT","USD","A","2007",36988,
"NZL","AVWAGE","TOT","USD","A","2008",36596,
"NZL","AVWAGE","TOT","USD","A","2009",37042,
"NZL","AVWAGE","TOT","USD","A","2010",37554,
"NZL","AVWAGE","TOT","USD","A","2011",37581,
"NZL","AVWAGE","TOT","USD","A","2012",38331,
"CHL","AVWAGE","TOT","USD","A","2008",17664,
"CHL","AVWAGE","TOT","USD","A","2009",19875,
"CHL","AVWAGE","TOT","USD","A","2010",21014,
"CHL","AVWAGE","TOT","USD","A","2011",21308,
"CHL","AVWAGE","TOT","USD","A","2012",22343,
"CHL","AVWAGE","TOT","USD","A","2013",23019,
"CHL","AVWAGE","TOT","USD","A","2014",23247,
"CHL","AVWAGE","TOT","USD","A","2015",23247,
"LVA","AVWAGE","TOT","USD","A","2000",10173,
"LVA","AVWAGE","TOT","USD","A","2001",10521,
"LVA","AVWAGE","TOT","USD","A","2002",10186,
"LVA","AVWAGE","TOT","USD","A","2003",10947,
"LVA","AVWAGE","TOT","USD","A","2004",11864,
"LVA","AVWAGE","TOT","USD","A","2005",13794,
"LVA","AVWAGE","TOT","USD","A","2006",15230,
"LVA","AVWAGE","TOT","USD","A","2007",18789,
"LVA","AVWAGE","TOT","USD","A","2008",19402,
"LVA","AVWAGE","TOT","USD","A","2009",17497,
"LVA","AVWAGE","TOT","USD","A","2010",16811,
"LVA","AVWAGE","TOT","USD","A","2011",16214,
"LVA","AVWAGE","TOT","USD","A","2012",16870,
"LVA","AVWAGE","TOT","USD","A","2013",17690,
"LVA","AVWAGE","TOT","USD","A","2014",19067,
"LVA","AVWAGE","TOT","USD","A","2015",20518,

